student_id,first_name,last_name,email,region,enrollment_date,graduation_date
1,Kristen,Kennedy,bryanwhite@example.net,AMER,2022-11-10,2023-07-12
2,Chad,Walker,robertdunn@example.net,APAC,2020-11-15,2024-05-08
3,Ashley,Gordon,james15@example.net,APAC,2025-03-24,2023-05-24
4,Gloria,Garza,timothy33@example.net,AMER,2021-09-28,2022-09-09
5,William,Taylor,chaveznicholas@example.com,EMEA,2020-05-08,2020-12-05
6,Lisa,Murray,ramosemily@example.org,APAC,2021-08-16,2023-06-28
7,Amanda,Sanders,mcase@example.com,APAC,2023-02-24,2024-02-02
8,Ross,Graham,belldylan@example.net,APAC,2024-05-22,2024-01-07
9,Tanya,Walker,michael25@example.org,AMER,2022-06-15,2023-12-19
10,Brenda,Brown,stevensbrandon@example.org,APAC,2025-04-29,2022-03-23
11,Jose,Gill,ryan43@example.com,AMER,2022-09-20,2021-08-17
12,Garrett,Hale,benjamin67@example.org,AMER,2023-06-20,2024-12-05
13,Chelsea,Smith,morenorobin@example.org,AMER,2020-02-22,2021-06-21
14,Lindsey,Wilson,kelly90@example.com,APAC,2021-12-19,2022-04-10
15,Lynn,Hartman,rfry@example.com,AMER,2020-07-08,2022-06-18
16,James,Scott,jessebutler@example.com,EMEA,2021-07-12,2020-09-11
17,Kimberly,Thompson,foxchristine@example.org,APAC,2020-01-09,2024-04-02
18,Natalie,Sanchez,martinezjames@example.com,APAC,2021-11-16,2022-02-16
19,Jennifer,Bradshaw,linmichele@example.com,APAC,2023-07-23,2024-03-20
20,Lori,Washington,bernardangela@example.org,APAC,2021-04-19,2020-03-12
21,Jeffrey,Bruce,mayoamy@example.com,APAC,2021-09-21,2021-09-19
22,Lee,Curry,lrussell@example.org,AMER,2021-08-06,2023-01-02
23,George,Bauer,jennifer75@example.com,AMER,2021-11-20,2021-07-01
24,Alyssa,Romero,ycasey@example.net,APAC,2021-07-02,2023-08-09
25,Vanessa,Olson,dglover@example.com,AMER,2021-07-25,2021-06-26
26,Joseph,Faulkner,mwood@example.net,APAC,2024-04-12,2020-07-15
27,Jimmy,Jones,steven70@example.com,AMER,2025-04-18,2024-10-24
28,Jennifer,Moreno,davidmartin@example.net,AMER,2020-05-28,2020-06-18
29,Alan,Vaughn,william56@example.net,AMER,2020-09-30,2022-07-24
30,Evan,Taylor,mckaymonique@example.net,AMER,2020-09-03,2024-10-14
31,Lori,Wu,fosteralex@example.org,EMEA,2020-07-30,2024-04-16
32,Dana,Butler,hchen@example.net,APAC,2021-10-27,2023-07-31
33,Robert,Hill,alexandraluna@example.org,EMEA,2023-02-06,2022-10-20
34,Victoria,Shepard,christopher02@example.net,AMER,2020-08-31,2022-11-05
35,Matthew,Davidson,joseph73@example.com,EMEA,2021-05-22,2020-09-04
36,Paul,Woods,frank63@example.com,APAC,2020-01-02,2024-09-12
37,Monica,Lopez,longmichelle@example.org,APAC,2022-02-11,2022-03-31
38,Paul,Gutierrez,jeremyjones@example.net,AMER,2021-12-20,2023-04-24
39,Kristin,Rodriguez,taylorsarah@example.com,EMEA,2022-04-29,2021-07-26
40,Rebecca,White,tiffanyowens@example.org,EMEA,2021-01-24,2021-12-21
41,Tamara,Harrell,danny35@example.net,EMEA,2024-08-05,2023-08-06
42,Eric,Rose,ilindsey@example.net,APAC,2023-02-09,2024-09-02
43,John,Rose,brenda85@example.org,APAC,2025-01-02,2023-08-15
44,Leslie,Potter,ballen@example.org,EMEA,2023-08-26,2020-09-04
45,John,Palmer,russelllisa@example.net,APAC,2024-09-15,2025-02-16
46,William,Gonzalez,johnmendez@example.com,APAC,2024-09-16,2022-04-05
47,Jerry,Nichols,greersarah@example.net,EMEA,2020-03-13,2021-08-07
48,Jonathan,Miller,joshuajenkins@example.org,APAC,2021-10-30,2020-06-18
49,Robert,Johnson,melissa34@example.org,EMEA,2024-07-17,2020-02-27
50,Daryl,Baker,gary64@example.net,EMEA,2021-10-25,2023-03-01
51,Sydney,Espinoza,nguyendebra@example.com,AMER,2022-04-16,2023-06-30
52,Darren,Mcpherson,elijahthompson@example.net,EMEA,2021-08-23,2020-11-23
53,James,Kelly,jamesbryan@example.org,APAC,2023-09-02,2022-01-03
54,Wanda,Baker,bryanhardy@example.org,AMER,2024-11-01,2022-02-01
55,Mitchell,Bates,vgarza@example.net,EMEA,2022-11-23,2022-11-16
56,David,Padilla,deborah01@example.com,AMER,2022-08-01,2025-06-04
57,Brittany,Miller,jason58@example.com,APAC,2023-08-02,2021-08-19
58,Emily,Clements,jonathan96@example.net,EMEA,2023-01-20,2020-08-02
59,Sabrina,Hoffman,sandra13@example.net,APAC,2021-01-12,2022-12-14
60,Dawn,Weeks,eddie21@example.org,AMER,2020-08-25,2021-11-07
61,Bryan,Rodgers,cathy75@example.com,EMEA,2023-08-23,2023-04-07
62,Rachel,Nguyen,nnelson@example.net,AMER,2020-01-03,2024-01-31
63,Amber,Frazier,rbrooks@example.net,AMER,2024-07-26,2025-02-19
64,Travis,Silva,randy79@example.org,EMEA,2025-03-16,2022-02-15
65,Katherine,Nguyen,taylorkatherine@example.net,AMER,2023-08-19,2023-12-04
66,Todd,Shaffer,lynchlisa@example.org,APAC,2024-09-10,2022-02-18
67,Brandon,Watson,tarnold@example.net,AMER,2023-08-09,2020-09-01
68,Stephen,Stephens,wilsondaniel@example.net,APAC,2024-03-27,2023-04-12
69,Troy,Johnson,brandon24@example.com,APAC,2020-04-27,2023-09-07
70,Jack,Green,laura23@example.com,AMER,2020-11-21,2023-04-30
71,Ryan,Reyes,malik35@example.org,APAC,2023-03-13,2020-06-11
72,Jacob,Rivera,kimberly16@example.net,EMEA,2021-12-05,2024-09-16
73,Brenda,Bishop,erik02@example.net,APAC,2025-02-07,2023-10-23
74,Nathaniel,Gray,vherman@example.com,APAC,2023-11-23,2022-06-07
75,Derek,Anderson,ruthcastillo@example.org,APAC,2024-10-10,2021-03-17
76,David,Hart,alexandermaldonado@example.net,EMEA,2025-05-27,2024-09-22
77,Mark,Adams,michael58@example.org,EMEA,2024-01-01,2021-03-26
78,Laura,Turner,bensonmichael@example.net,EMEA,2021-11-01,2023-05-22
79,John,Barker,tschaefer@example.org,AMER,2020-10-11,2021-04-30
80,Rebecca,Rodriguez,bbell@example.net,EMEA,2024-05-14,2023-10-16
81,Deborah,Zimmerman,marquezjon@example.net,APAC,2023-11-14,2022-12-14
82,Clayton,Stark,lvaldez@example.net,EMEA,2020-07-28,2021-02-10
83,Sarah,Lambert,ramirezkevin@example.org,EMEA,2021-01-14,2021-07-26
84,Annette,Saunders,mitchellmelinda@example.net,APAC,2020-06-01,2020-01-24
85,Shelby,Costa,ashleybenton@example.net,AMER,2022-06-02,2024-07-28
86,Melissa,Olson,jacksonkathryn@example.com,EMEA,2020-11-27,2025-01-01
87,Chase,Wilson,watersfrancisco@example.com,AMER,2021-07-16,2024-08-14
88,Nicole,White,christopher47@example.org,AMER,2022-05-10,2024-03-27
89,James,Jones,maria79@example.com,AMER,2022-09-08,2021-04-01
90,Samantha,Holmes,fberry@example.com,APAC,2025-01-05,2021-11-20
91,Laura,Stevens,mdiaz@example.com,AMER,2020-01-03,2022-08-19
92,Jennifer,Smith,rroberts@example.net,AMER,2020-01-12,2023-03-12
93,James,Roberson,petersenadrian@example.com,APAC,2022-04-25,2022-01-13
94,Amy,James,jacobstyler@example.org,AMER,2024-03-12,2021-06-07
95,Brendan,Black,keithcarter@example.com,AMER,2021-11-02,2023-03-24
96,Rachel,Castaneda,fsanchez@example.org,APAC,2022-06-22,2025-07-24
97,Andre,Green,willieburton@example.org,APAC,2022-12-25,2024-05-28
98,Matthew,Solomon,lisareese@example.net,EMEA,2025-03-06,2023-09-10
99,Phillip,Johnson,clewis@example.net,EMEA,2020-05-17,2021-08-06
100,Jessica,Herrera,scott37@example.com,EMEA,2024-07-17,2025-02-04
101,Ann,Horne,joel21@example.com,AMER,2021-06-25,2020-10-12
102,Robert,Cruz,brian29@example.com,AMER,2023-02-07,2021-06-15
103,Madison,Green,castillojames@example.org,AMER,2025-02-16,2022-10-17
104,David,Chaney,curtis87@example.org,APAC,2023-11-28,2020-09-06
105,Scott,Kline,selenafriedman@example.com,AMER,2021-06-12,2023-04-23
106,Aimee,Taylor,gbaker@example.net,EMEA,2024-01-30,2023-10-18
107,Laura,Mullins,cody33@example.com,APAC,2022-09-07,2020-12-19
108,Mitchell,Davis,james55@example.org,APAC,2022-10-13,2023-05-02
109,Andrea,Mata,hfigueroa@example.org,APAC,2020-04-13,2022-08-28
110,Sally,David,connie77@example.org,EMEA,2022-09-22,2022-08-03
111,Christian,Bradley,stefaniecooke@example.com,EMEA,2023-09-17,2023-07-25
112,Carla,Morrison,katherinewalker@example.net,EMEA,2021-10-06,2020-11-12
113,Gary,Brennan,johnsonhunter@example.net,APAC,2025-05-12,2022-10-24
114,Brian,Thomas,nmiller@example.com,APAC,2024-02-23,2025-06-20
115,Alex,Smith,hernandezjodi@example.com,AMER,2024-01-11,2025-01-06
116,Robert,Willis,krista25@example.com,AMER,2025-04-10,2023-01-30
117,William,Campbell,melissa67@example.org,EMEA,2025-02-08,2025-06-03
118,Cathy,Wells,jalvarez@example.com,APAC,2025-07-18,2020-07-14
119,Sara,Wong,xcohen@example.com,AMER,2020-03-26,2020-06-19
120,Theresa,Christensen,tmiller@example.com,EMEA,2021-06-15,2022-12-25
121,Sharon,Jones,stephaniebarnett@example.com,EMEA,2024-10-02,2024-11-10
122,Matthew,Medina,johnsoncody@example.com,AMER,2022-01-14,2021-09-15
123,Kevin,Conner,wilsonkarl@example.org,EMEA,2021-11-12,2024-10-27
124,Heather,Garner,steven33@example.com,APAC,2023-02-14,2021-07-03
125,Lauren,Harrell,kimberlysnow@example.org,EMEA,2020-10-12,2023-03-04
126,Alexander,Bean,gilbertandrea@example.com,APAC,2024-11-04,2022-07-17
127,Brendan,Scott,ramoselizabeth@example.org,APAC,2022-09-06,2024-04-20
128,Christopher,Fitzgerald,kimcharles@example.net,AMER,2022-11-02,2023-02-20
129,Ian,Hood,yreynolds@example.com,AMER,2023-05-04,2022-03-24
130,Michelle,Greene,dustinjones@example.com,AMER,2024-09-01,2025-02-24
131,Michelle,Wilson,jennifer73@example.com,EMEA,2025-04-18,2021-05-17
132,Victoria,Chambers,patrick05@example.com,AMER,2022-12-18,2025-02-13
133,Nicole,Larsen,williamskelsey@example.com,AMER,2022-09-02,2023-05-09
134,Lauren,Pham,cmahoney@example.org,EMEA,2023-07-17,2022-01-16
135,Bridget,Johnson,thill@example.org,AMER,2023-05-08,2022-07-14
136,Julia,Welch,qcook@example.org,EMEA,2020-11-05,2020-05-23
137,Barbara,White,dreed@example.net,EMEA,2021-10-25,2024-02-13
138,Christopher,Romero,laurie89@example.com,APAC,2020-01-01,2023-04-14
139,Steven,Davis,tmiller@example.org,APAC,2024-03-28,2024-05-07
140,Margaret,Collins,valeriemccall@example.com,AMER,2024-04-12,2023-07-04
141,Mindy,Stanley,amandaadams@example.net,EMEA,2024-09-15,2023-08-11
142,Tina,Adams,ebrown@example.net,APAC,2022-06-13,2022-10-25
143,Steven,Adams,jsmith@example.net,APAC,2020-12-03,2025-01-26
144,Antonio,Hall,evanscindy@example.com,APAC,2022-08-09,2023-08-15
145,Meghan,Ali,amiller@example.com,APAC,2022-11-29,2022-11-15
146,Chris,Gordon,debra57@example.org,AMER,2022-04-05,2023-08-12
147,Meredith,Delgado,stacy91@example.net,APAC,2022-04-11,2025-07-08
148,Donald,Velasquez,alyssaespinoza@example.com,AMER,2021-06-14,2023-05-24
149,Lauren,Pratt,tryan@example.com,EMEA,2022-01-10,2025-01-07
150,Roberto,Briggs,qtanner@example.net,AMER,2025-06-27,2023-11-17
151,Albert,Jones,ryanmarshall@example.org,APAC,2021-08-25,2024-12-11
152,Cassandra,Jones,crystalmoon@example.com,EMEA,2022-12-02,2023-11-28
153,Katherine,Williams,jacquelinehall@example.net,EMEA,2025-06-17,2020-01-09
154,Cristina,Lee,arthur86@example.net,AMER,2025-03-31,2024-07-29
155,Claudia,Vega,brownjulie@example.org,EMEA,2020-08-26,2023-11-29
156,Rodney,Curry,bradley35@example.org,AMER,2023-06-29,2020-04-24
157,Jose,Adkins,kristinroberts@example.com,EMEA,2022-01-11,2020-10-09
158,Kaylee,Pierce,barry25@example.net,AMER,2023-06-16,2022-02-17
159,Jennifer,Butler,wli@example.com,APAC,2024-05-12,2023-11-16
160,Laura,Guerrero,aaronrichards@example.org,AMER,2020-08-02,2022-09-15
161,Jennifer,Estrada,wfarmer@example.net,AMER,2022-04-30,2023-03-08
162,Lisa,Miller,grace61@example.net,APAC,2020-07-04,2024-05-05
163,Brett,Monroe,kimberlyschultz@example.net,AMER,2025-05-21,2023-06-13
164,Jason,Holmes,troymedina@example.org,AMER,2023-03-28,2023-01-05
165,Emily,Travis,melissamartin@example.com,EMEA,2020-04-28,2022-11-30
166,Janet,Underwood,acochran@example.net,AMER,2021-05-11,2021-09-06
167,Victoria,Yoder,alex72@example.net,EMEA,2024-11-17,2023-06-05
168,Christopher,Rocha,johnsoncharles@example.org,APAC,2021-06-07,2025-06-17
169,Maxwell,Patterson,bdoyle@example.com,EMEA,2024-11-02,2021-09-21
170,Jason,Fisher,uvelazquez@example.net,EMEA,2025-07-22,2025-02-18
171,Tracey,Oliver,gtaylor@example.net,APAC,2022-09-22,2024-02-07
172,Heidi,Mack,juanpope@example.com,EMEA,2023-11-27,2020-10-23
173,Andrew,Gonzalez,david02@example.org,APAC,2024-10-05,2022-04-29
174,Brenda,Davis,otran@example.com,AMER,2022-06-22,2023-05-18
175,Nicole,Rodriguez,rodgerslaura@example.com,AMER,2023-12-18,2020-09-21
176,Matthew,Willis,egrimes@example.com,EMEA,2021-05-26,2022-04-11
177,Sarah,Owen,amandajenkins@example.net,AMER,2024-01-13,2024-11-05
178,Amanda,Norton,jenkinsdiana@example.org,APAC,2021-08-20,2020-10-29
179,Lisa,Davenport,brenda45@example.org,AMER,2025-05-07,2022-02-09
180,Jessica,Davis,tdiaz@example.com,APAC,2022-02-22,2023-06-22
181,Ashley,Leonard,stewartjohn@example.org,AMER,2022-09-25,2020-07-03
182,James,Thompson,theodore57@example.net,EMEA,2022-09-21,2025-04-19
183,Joseph,Roberts,oreynolds@example.org,AMER,2020-08-28,2024-07-20
184,Nancy,Hill,obrown@example.org,AMER,2024-04-01,2024-04-27
185,Kevin,Garcia,martinsara@example.com,AMER,2021-04-24,2020-10-19
186,David,Garcia,jdunlap@example.com,APAC,2025-05-22,2025-07-03
187,Dawn,Durham,jillreeves@example.org,APAC,2021-09-02,2021-07-26
188,Daniel,Raymond,juan27@example.org,EMEA,2024-08-14,2023-03-17
189,Jacob,Shaw,charles45@example.net,APAC,2020-09-05,2020-10-22
190,Heather,Shields,vargasdawn@example.net,AMER,2023-02-04,2024-06-15
191,Jill,Mccarthy,dustinfoster@example.com,AMER,2025-07-18,2021-02-06
192,Dale,Smith,francislozano@example.com,APAC,2025-06-29,2025-07-30
193,Jennifer,Johnson,davidnelson@example.com,AMER,2023-05-28,2024-09-06
194,Morgan,Swanson,christopher60@example.com,EMEA,2020-11-20,2023-08-29
195,Norma,Christensen,david42@example.com,EMEA,2021-08-01,2023-01-06
196,Stephen,Oliver,mollyphelps@example.com,APAC,2022-07-22,2022-03-09
197,Jennifer,Lewis,bbrown@example.net,APAC,2022-05-30,2020-04-05
198,Anthony,Wagner,mpatterson@example.org,EMEA,2021-10-25,2023-09-02
199,Jesus,Green,russell88@example.net,EMEA,2020-01-11,2022-03-07
200,Frederick,Ellison,michael12@example.org,APAC,2020-12-30,2022-02-10
201,Charles,Hill,elizabeth75@example.com,APAC,2020-11-17,2022-07-05
202,Bryan,Solomon,kristin25@example.org,APAC,2020-03-22,2022-02-08
203,Donna,Brown,nwagner@example.net,AMER,2022-04-21,2021-06-04
204,Andrea,Hunt,steeledavid@example.org,APAC,2022-08-06,2024-06-22
205,Megan,Solomon,peter52@example.com,APAC,2024-02-02,2024-02-22
206,Stephen,Cain,dakotathomas@example.net,AMER,2020-09-28,2021-04-01
207,Kristen,Ortiz,dawndeleon@example.org,EMEA,2024-01-31,2021-05-29
208,Monica,Mcdonald,ewilliams@example.com,APAC,2024-09-15,2022-07-23
209,Johnny,Martinez,garrettwilliam@example.org,AMER,2020-05-22,2024-12-01
210,John,Zimmerman,maciasdaniel@example.org,APAC,2021-01-09,2025-04-11
211,Kelly,Andrews,ucunningham@example.org,APAC,2025-03-22,2021-09-28
212,Edgar,Butler,gregorychambers@example.org,AMER,2021-11-09,2020-08-11
213,Chelsea,Moore,sanchezcarrie@example.org,EMEA,2021-10-30,2023-03-07
214,Brian,Torres,wwatkins@example.com,AMER,2021-05-12,2021-12-01
215,Marissa,Boyd,collin71@example.com,APAC,2020-07-25,2023-12-11
216,Marissa,Gates,connerfrank@example.net,EMEA,2021-04-21,2021-06-08
217,Matthew,Hodge,timothybrown@example.com,AMER,2025-02-21,2023-09-30
218,Ashley,Strickland,pmurphy@example.net,AMER,2023-01-31,2020-09-25
219,Matthew,Brown,stewartbrian@example.com,EMEA,2023-10-13,2021-06-03
220,Brittany,Fernandez,lauren65@example.net,APAC,2023-05-26,2021-01-29
221,William,Lewis,conraddavid@example.org,AMER,2025-04-08,2024-12-13
222,Brian,Jones,pamela79@example.com,AMER,2024-08-18,2021-07-30
223,Amy,Keller,paulkelley@example.net,AMER,2024-10-23,2022-03-03
224,Nichole,Daniel,millersara@example.net,APAC,2024-12-02,2021-03-06
225,Catherine,Shepard,wolfmichael@example.org,AMER,2025-03-24,2021-09-20
226,Kimberly,Weaver,ymacdonald@example.org,EMEA,2020-02-16,2020-08-21
227,Mark,Clark,bailey33@example.org,EMEA,2023-01-27,2024-10-10
228,Melissa,Taylor,tbrown@example.net,AMER,2021-06-24,2020-04-09
229,Annette,George,tylerbaker@example.net,AMER,2022-09-02,2024-08-13
230,Scott,Terry,jacob52@example.net,EMEA,2023-09-04,2024-11-13
231,Bryan,Gardner,denise88@example.com,EMEA,2022-11-17,2022-04-12
232,Julie,Wilson,richardlawrence@example.com,AMER,2021-03-18,2021-05-11
233,Kevin,Sweeney,samanthawheeler@example.com,EMEA,2022-06-28,2025-01-05
234,Derek,Barnes,tylerthompson@example.org,APAC,2022-09-24,2024-07-17
235,Sarah,Hernandez,mromero@example.org,APAC,2022-10-11,2025-03-12
236,Shelby,Lopez,bdelgado@example.net,APAC,2025-01-30,2021-01-10
237,Regina,Morrison,timothy73@example.org,APAC,2020-06-23,2021-03-16
238,Robert,Evans,jessicaharrison@example.com,EMEA,2024-05-29,2025-02-01
239,Sean,Hernandez,jacksonnicole@example.com,APAC,2023-04-26,2020-11-14
240,Danny,Jones,agoodwin@example.com,AMER,2021-09-10,2020-04-26
241,Chad,Sharp,joelgrant@example.net,AMER,2022-01-26,2021-08-08
242,Christopher,Johnston,angelashelton@example.com,APAC,2023-03-29,2024-03-24
243,Lisa,Huff,karen99@example.org,AMER,2021-03-05,2020-11-12
244,Kevin,Meyer,hhall@example.org,APAC,2022-03-21,2022-03-30
245,Kristin,Anderson,peter43@example.com,APAC,2024-12-16,2020-07-15
246,Benjamin,Smith,frank08@example.net,APAC,2025-05-21,2023-01-01
247,Charles,Green,whudson@example.org,AMER,2022-10-27,2024-10-20
248,Stephen,Shaw,jacqueline73@example.org,AMER,2021-11-19,2021-12-16
249,Theresa,Adams,kempamanda@example.net,APAC,2024-09-08,2024-05-05
250,Pamela,Rodriguez,xnewton@example.com,APAC,2020-11-29,2025-04-19
251,Daniel,Turner,johnjones@example.org,APAC,2022-07-04,2021-10-04
252,Sarah,Harper,adiaz@example.org,APAC,2020-09-04,2025-02-15
253,Heather,Giles,willie69@example.org,EMEA,2025-02-27,2022-02-04
254,Eric,Fisher,vgolden@example.com,APAC,2022-06-20,2020-08-06
255,Marcus,Kennedy,tracy57@example.net,AMER,2021-12-13,2024-10-27
256,John,Larsen,hbrooks@example.org,APAC,2021-03-09,2023-06-16
257,Sarah,Bishop,denniszavala@example.net,EMEA,2021-02-27,2022-03-02
258,Monica,Davis,barreracharles@example.net,AMER,2022-08-18,2021-10-23
259,Karen,Park,hansenandrew@example.com,EMEA,2020-09-22,2025-06-28
260,Tyler,Esparza,brittanywatts@example.net,APAC,2021-06-25,2022-08-09
261,Scott,Lee,cchapman@example.org,AMER,2023-03-02,2022-03-09
262,Edward,Jackson,cassandrahester@example.com,APAC,2023-02-21,2023-06-08
263,Tina,Shaw,richardsongeorge@example.com,AMER,2022-11-29,2021-04-25
264,Joshua,Douglas,bianca84@example.org,AMER,2022-06-30,2020-12-09
265,Donald,Jackson,courtneyskinner@example.org,AMER,2022-02-27,2025-03-11
266,Bill,Watson,lloydkathleen@example.org,EMEA,2023-04-02,2024-11-12
267,Jennifer,Wise,georgesarah@example.org,APAC,2020-11-25,2022-12-19
268,Regina,Thomas,bryantabigail@example.org,EMEA,2022-05-22,2023-03-30
269,Charles,Burton,martindaniel@example.net,EMEA,2023-12-27,2022-05-12
270,Matthew,Miles,jacob38@example.net,APAC,2021-10-22,2022-08-15
271,Lisa,Williams,edwincrosby@example.com,APAC,2024-05-30,2023-04-05
272,Donna,Gonzales,cpratt@example.org,APAC,2025-06-30,2025-06-19
273,Jessica,Pennington,sanchezsarah@example.net,AMER,2020-01-22,2025-03-15
274,Sarah,Sanchez,bennettwendy@example.com,EMEA,2024-05-28,2023-01-22
275,Paul,Travis,sheri04@example.com,EMEA,2024-09-01,2022-07-19
276,Zachary,Robinson,brownamy@example.net,EMEA,2023-08-13,2023-11-02
277,Samantha,Aguirre,chad11@example.com,EMEA,2022-02-08,2023-06-24
278,Steve,Schmidt,gking@example.net,EMEA,2024-11-22,2022-12-06
279,Mary,Murphy,jennifer91@example.net,AMER,2023-09-20,2021-04-13
280,Gloria,Moore,autumnlarson@example.net,APAC,2023-12-22,2023-11-30
281,Pamela,Taylor,martinezwendy@example.com,AMER,2023-09-07,2023-11-30
282,Jason,Alvarez,eringeorge@example.com,AMER,2021-12-04,2021-11-28
283,James,Johnson,bbauer@example.com,AMER,2021-09-18,2023-11-10
284,Juan,Stone,david39@example.net,APAC,2023-05-30,2020-11-23
285,Emily,Roth,emilyboyd@example.net,APAC,2020-06-20,2024-03-15
286,Jason,Wilson,rhondamurray@example.com,EMEA,2020-12-09,2024-09-15
287,Robert,Estes,natashawilliams@example.net,AMER,2024-03-11,2023-04-23
288,Sabrina,Cooper,jeremysmith@example.net,EMEA,2024-09-29,2022-04-30
289,Rebekah,Sanders,nmarsh@example.com,APAC,2020-07-03,2025-07-31
290,Craig,Silva,amandawarren@example.com,APAC,2025-04-02,2023-03-25
291,Elizabeth,Anderson,srodriguez@example.com,APAC,2021-06-11,2022-08-05
292,Carl,Reyes,rodrigueztimothy@example.net,APAC,2024-02-22,2022-01-29
293,Victor,Huang,huertalisa@example.net,AMER,2020-02-14,2022-11-28
294,Calvin,Prince,bradycharles@example.org,EMEA,2022-11-24,2021-12-14
295,Barbara,Love,meghan10@example.com,APAC,2021-03-03,2025-02-06
296,Tyler,Newman,rachel49@example.org,EMEA,2025-07-31,2020-11-16
297,Margaret,Howard,hoffmantara@example.net,APAC,2023-10-22,2021-09-17
298,Ryan,Maldonado,amber13@example.com,EMEA,2025-07-07,2021-02-20
299,Kurt,Robinson,prhodes@example.net,EMEA,2021-02-14,2021-08-21
300,Amy,Coleman,brennanjohn@example.org,APAC,2023-05-04,2020-09-09
301,Richard,Rodriguez,hsanchez@example.com,APAC,2022-07-02,2020-05-01
302,Stephanie,Sullivan,williamlee@example.net,EMEA,2022-08-30,2023-10-06
303,Angela,Sanchez,valdezjohn@example.net,AMER,2021-07-03,2024-02-11
304,Leslie,Murphy,juliaellison@example.org,APAC,2022-07-03,2020-05-11
305,Angela,Reese,boydbrian@example.org,APAC,2023-06-29,2021-05-13
306,Jessica,Anderson,brettburke@example.com,AMER,2024-02-27,2025-03-17
307,Diana,Willis,wcarter@example.org,AMER,2020-07-27,2025-01-30
308,James,Newman,karencastro@example.com,APAC,2023-01-10,2023-04-14
309,James,Miller,lgreene@example.org,APAC,2022-07-08,2020-09-12
310,Elizabeth,Espinoza,martinezcalvin@example.org,APAC,2022-12-12,2024-08-07
311,Christopher,Hernandez,mkelly@example.net,APAC,2021-07-14,2022-04-18
312,Katrina,Stark,collinsjoy@example.com,EMEA,2022-07-13,2024-10-24
313,Michael,Russell,awashington@example.net,EMEA,2021-01-03,2023-09-29
314,Diana,Smith,anna84@example.net,EMEA,2021-11-14,2024-12-13
315,Andrew,Williams,sanforddonald@example.com,APAC,2025-01-19,2022-04-25
316,Cheyenne,Wilson,mariewolfe@example.net,EMEA,2022-08-18,2021-12-02
317,Heather,Dunlap,diana45@example.org,APAC,2020-09-23,2024-06-10
318,Charles,Smith,martinjennifer@example.com,APAC,2022-05-09,2024-06-24
319,Daniel,Mullins,danaperkins@example.com,EMEA,2024-09-17,2024-05-12
320,Manuel,Gibson,figueroabetty@example.org,APAC,2023-08-20,2022-03-04
321,Melissa,Powers,juliepalmer@example.net,EMEA,2023-07-16,2023-09-14
322,Jermaine,Wilson,susanserrano@example.com,EMEA,2024-11-11,2020-03-06
323,Samantha,Mccann,jonathanstevens@example.net,EMEA,2023-10-27,2021-03-24
324,Karen,Simpson,pharris@example.org,EMEA,2025-07-05,2024-02-08
325,Carla,Hall,john63@example.org,EMEA,2022-07-20,2023-01-09
326,Jody,Kelly,lross@example.com,AMER,2024-08-23,2021-04-20
327,Robin,Potter,oconnortamara@example.net,AMER,2021-03-06,2021-04-11
328,Tracey,Arroyo,sarah30@example.net,AMER,2024-02-11,2022-09-28
329,Tyler,Allen,trevor46@example.net,AMER,2022-06-18,2020-01-02
330,Barry,Sexton,saundersangela@example.com,AMER,2020-01-25,2024-12-04
331,Nicholas,Smith,richsheila@example.org,EMEA,2020-06-17,2020-03-28
332,Sierra,Williams,tina53@example.com,APAC,2020-04-15,2023-04-08
333,Chelsea,Scott,vicki52@example.net,APAC,2025-06-16,2023-04-27
334,Brian,Smith,prussell@example.com,EMEA,2023-07-02,2023-02-16
335,Scott,Martin,barryjennifer@example.org,APAC,2025-05-29,2023-08-19
336,Jamie,Jenkins,susan15@example.net,APAC,2024-10-23,2025-07-29
337,April,Rodriguez,nguyenmarie@example.org,AMER,2025-02-04,2021-03-14
338,Jeremy,Carter,chandlerandrew@example.org,AMER,2020-11-16,2021-09-27
339,Warren,Hall,michelle94@example.org,AMER,2022-06-11,2025-08-01
340,Peter,Fletcher,gsmith@example.com,APAC,2022-04-16,2023-01-07
341,Arthur,Salas,jamesscott@example.com,AMER,2024-05-22,2024-09-13
342,Nicole,Faulkner,george03@example.org,EMEA,2023-02-04,2021-01-02
343,Mary,Phillips,brownmeghan@example.net,APAC,2022-05-30,2023-12-21
344,Joyce,Mcbride,ramosandrew@example.com,APAC,2020-07-19,2023-06-07
345,Lisa,Lewis,christinecohen@example.org,AMER,2022-01-24,2025-03-13
346,Amanda,Santos,zacharycurry@example.com,EMEA,2022-04-16,2020-04-17
347,Karla,Mcfarland,jeffrey25@example.net,AMER,2024-11-04,2023-05-24
348,Elizabeth,Diaz,deleondonald@example.com,AMER,2024-01-19,2021-01-17
349,Michael,Ward,heatherrichmond@example.org,APAC,2021-01-13,2025-06-05
350,Lynn,Ferguson,thomasmcknight@example.org,APAC,2021-01-20,2024-07-08
351,Victoria,Rios,longcourtney@example.net,AMER,2022-10-22,2024-12-18
352,Daniel,Dunn,mprice@example.com,APAC,2020-01-12,2023-07-20
353,Patrick,Miller,qreid@example.com,APAC,2023-11-16,2023-02-23
354,Andrew,Washington,kimberly02@example.org,APAC,2021-06-01,2025-03-17
355,Steven,Harrison,tamaramcgee@example.com,AMER,2021-03-30,2025-06-15
356,Melinda,Wilson,williamsbrian@example.net,APAC,2022-06-01,2022-07-25
357,Kayla,Kim,bmoore@example.org,AMER,2023-01-30,2020-05-04
358,Taylor,Roberts,christina42@example.org,APAC,2023-12-05,2023-01-30
359,Robert,Williams,dunnantonio@example.net,EMEA,2022-07-23,2024-06-02
360,Luis,Smith,amy32@example.net,APAC,2021-07-23,2024-04-10
361,Shelley,Williams,annawalker@example.net,AMER,2024-04-20,2021-11-23
362,Michael,Ward,nicole39@example.org,APAC,2022-05-23,2021-07-08
363,Jerome,Price,fritzjohn@example.net,AMER,2021-10-22,2024-08-09
364,Linda,Coleman,whiteryan@example.org,AMER,2023-12-17,2020-04-05
365,Michelle,Brown,arnoldshannon@example.net,APAC,2024-01-14,2021-11-04
366,Alexander,Terrell,claytonshelton@example.com,AMER,2022-01-29,2024-12-29
367,Andrew,Chavez,ureese@example.org,APAC,2021-09-30,2023-10-29
368,Brenda,Richmond,gmcdaniel@example.net,EMEA,2020-12-18,2024-07-04
369,Jeremy,Reyes,hendrickskevin@example.com,AMER,2021-02-04,2022-03-23
370,Kenneth,Vargas,sbenson@example.com,AMER,2024-02-20,2021-10-29
371,Caitlin,Turner,hrivera@example.net,AMER,2021-06-23,2024-10-30
372,Timothy,Esparza,laurajohnson@example.com,AMER,2023-08-25,2021-01-11
373,Teresa,Johnson,nunezmichelle@example.org,EMEA,2023-05-11,2024-04-29
374,John,Hayes,nicole22@example.net,EMEA,2022-01-24,2025-05-03
375,Isabella,Parrish,ritaedwards@example.com,APAC,2024-12-05,2023-02-23
376,Marcia,Stephens,kathleen75@example.org,AMER,2021-11-07,2023-11-09
377,Lisa,Romero,george69@example.net,AMER,2022-12-14,2024-10-23
378,Aaron,Lane,hilljoseph@example.net,EMEA,2021-12-19,2020-11-13
379,Lacey,Boyd,david93@example.com,APAC,2022-06-13,2021-08-16
380,Amy,Ballard,jodimartin@example.com,EMEA,2020-08-04,2021-03-09
381,Leslie,Lozano,bradleymark@example.com,EMEA,2021-05-09,2021-10-16
382,Kimberly,Hays,dillonphillips@example.org,APAC,2023-04-15,2022-11-22
383,Courtney,Jenkins,ronaldwebb@example.net,AMER,2020-10-08,2023-03-21
384,Ashley,Williams,michaelfrench@example.com,AMER,2022-11-05,2023-01-17
385,Ryan,Vargas,acrawford@example.net,EMEA,2020-05-06,2021-09-21
386,Leslie,Garcia,cassandralowe@example.net,EMEA,2021-12-01,2023-09-30
387,Steven,Bell,vincent77@example.com,EMEA,2022-06-25,2022-01-07
388,Samantha,Fowler,bethany94@example.net,APAC,2020-09-21,2021-03-14
389,Rhonda,Turner,natalierodriguez@example.com,APAC,2021-09-24,2022-09-25
390,Ashley,Jordan,johnsonedward@example.net,EMEA,2022-08-15,2020-07-19
391,Jennifer,Allen,garyperez@example.com,AMER,2021-09-22,2021-06-30
392,Lisa,Smith,ashley62@example.com,AMER,2021-10-08,2022-04-02
393,Michael,Gonzalez,qlambert@example.com,APAC,2021-02-25,2024-08-08
394,Cory,Robinson,harrisshane@example.net,APAC,2020-09-29,2022-01-15
395,Bryan,Roy,xgarza@example.net,AMER,2022-01-01,2024-09-01
396,Linda,Atkinson,laurensosa@example.net,APAC,2020-07-14,2023-04-30
397,Tiffany,Anderson,david75@example.net,AMER,2022-08-27,2020-12-01
398,Rhonda,Taylor,pattersonrachel@example.net,EMEA,2020-10-08,2021-08-13
399,Jamie,Walker,cynthiasmith@example.com,APAC,2025-05-17,2024-07-17
400,Jeffery,Bradley,robert68@example.org,EMEA,2024-10-28,2025-01-11
401,Kristopher,Mendoza,paulyork@example.com,APAC,2023-09-03,2022-11-11
402,Alexandria,Hernandez,jessica83@example.org,APAC,2020-12-27,2024-04-01
403,Sara,Roach,bowerschristopher@example.com,EMEA,2024-05-09,2024-07-14
404,Kyle,Martinez,msnyder@example.org,EMEA,2020-11-07,2022-05-14
405,Thomas,Rodriguez,kevinfox@example.com,APAC,2025-05-20,2023-03-13
406,Kathleen,Chan,mitchellmeghan@example.net,EMEA,2020-05-10,2020-08-10
407,Christopher,Brooks,charlessimmons@example.net,AMER,2021-04-27,2022-01-14
408,Hector,Pena,petersglenn@example.org,AMER,2022-07-30,2022-03-10
409,Benjamin,Clarke,thompsontanya@example.org,EMEA,2024-02-09,2023-02-23
410,David,Blanchard,melvin37@example.net,AMER,2022-02-06,2024-12-11
411,Jennifer,Johnson,laurenbrock@example.net,AMER,2024-10-18,2021-12-28
412,Anita,Hall,brian69@example.com,AMER,2023-05-26,2023-02-02
413,Anne,Powers,collinswesley@example.org,APAC,2023-07-05,2023-10-14
414,Robert,Collins,sherijackson@example.com,AMER,2022-03-02,2022-05-06
415,James,Lopez,gsims@example.net,AMER,2023-01-16,2020-07-18
416,Sheila,Patton,gomezjames@example.org,EMEA,2025-04-14,2023-04-16
417,Regina,Stewart,scarpenter@example.com,AMER,2022-02-02,2023-10-18
418,Jason,Carter,egarner@example.net,APAC,2022-11-03,2020-06-06
419,Randall,Davis,meaganwolfe@example.com,APAC,2021-12-05,2023-01-13
420,Shannon,Woods,teresa12@example.net,EMEA,2025-03-19,2024-04-24
421,Laura,Ross,mmorris@example.com,APAC,2024-03-28,2023-02-08
422,Cassandra,Jones,pmartin@example.net,APAC,2024-06-30,2023-08-26
423,Jennifer,Carlson,nelsonjeffrey@example.com,AMER,2023-05-18,2022-07-17
424,Christine,Lopez,scott66@example.com,AMER,2023-04-17,2022-04-19
425,Alice,Mann,deanna03@example.net,APAC,2022-08-02,2023-10-18
426,Timothy,Mcclain,kimberlydecker@example.com,EMEA,2022-09-04,2023-11-20
427,Joseph,Morgan,jacob46@example.com,EMEA,2022-07-27,2021-08-10
428,Adam,Horn,juliefischer@example.org,AMER,2021-08-10,2020-06-27
429,Tracy,Rodriguez,moyervickie@example.net,APAC,2024-06-26,2022-11-29
430,Allen,Rice,david89@example.org,AMER,2024-12-04,2024-11-07
431,Dawn,Ramirez,quinnchristina@example.net,EMEA,2025-01-21,2021-01-12
432,Brandi,Juarez,stevenmorris@example.org,APAC,2020-12-09,2025-03-06
433,Melissa,Williams,stacyrhodes@example.com,AMER,2024-12-31,2021-01-31
434,Lisa,Obrien,iortiz@example.org,AMER,2021-10-03,2023-04-21
435,Scott,Rivers,amymorris@example.com,EMEA,2025-05-21,2023-09-18
436,Lisa,Lewis,austin74@example.net,AMER,2022-12-10,2024-02-03
437,Matthew,Pierce,dnelson@example.com,EMEA,2021-05-08,2023-11-22
438,Ryan,White,ryangomez@example.com,EMEA,2021-08-11,2025-02-09
439,Lee,Lee,sharon85@example.com,APAC,2024-05-19,2025-07-11
440,Matthew,Johnson,iallen@example.org,APAC,2024-09-27,2020-02-28
441,Daniel,Cabrera,xjackson@example.com,AMER,2023-08-03,2020-07-11
442,Dawn,Stevenson,bgonzalez@example.org,EMEA,2025-04-24,2024-03-16
443,Amanda,Smith,mccarthyamanda@example.com,EMEA,2023-10-21,2023-08-03
444,Alejandro,Rosales,oholland@example.net,APAC,2023-09-21,2022-05-25
445,Anna,Johnson,kellidorsey@example.com,APAC,2023-04-29,2021-05-29
446,Jeffrey,Morris,wrobinson@example.net,EMEA,2020-01-23,2023-05-15
447,Jason,Parrish,ryan34@example.net,APAC,2020-08-09,2025-07-05
448,Joshua,Murray,ykeller@example.com,AMER,2023-02-03,2024-01-07
449,Ryan,Rice,barbara26@example.net,EMEA,2022-09-16,2020-03-14
450,Michelle,Munoz,brandonpark@example.net,APAC,2023-06-15,2020-01-23
451,Andre,Le,jamesallison@example.net,AMER,2023-08-04,2023-11-10
452,Bonnie,Anderson,rubenhughes@example.com,EMEA,2025-07-10,2024-07-27
453,Amber,Santiago,william13@example.org,AMER,2022-09-02,2021-08-07
454,Angela,Johns,denise77@example.net,AMER,2024-09-21,2021-07-01
455,Anthony,Stafford,ramseyjames@example.com,EMEA,2021-07-04,2021-09-23
456,Evelyn,Bennett,kingleah@example.net,AMER,2020-11-20,2021-01-15
457,Joshua,Williams,amandamurphy@example.org,APAC,2025-03-13,2025-01-17
458,Trevor,Lee,michelle37@example.org,APAC,2024-04-14,2022-11-16
459,Dawn,Ball,zbailey@example.org,APAC,2024-03-30,2020-10-11
460,Stacey,Rollins,wmurphy@example.net,AMER,2022-02-20,2024-08-03
461,Jill,Thompson,michael41@example.com,APAC,2020-08-23,2024-08-08
462,Alex,Turner,dawnpeters@example.net,AMER,2022-05-08,2022-02-10
463,Brendan,Webb,noahrivas@example.com,APAC,2022-11-07,2020-06-02
464,Nancy,Ball,cunninghamlisa@example.com,EMEA,2023-12-05,2023-12-03
465,William,Smith,bonniewebb@example.net,AMER,2021-02-26,2023-08-06
466,Christopher,Johnson,alansmith@example.com,AMER,2025-06-11,2022-10-16
467,Rose,Page,nicholetanner@example.org,APAC,2023-10-28,2025-06-26
468,Kathleen,Martin,annacook@example.org,EMEA,2020-11-30,2021-05-01
469,Matthew,Diaz,timothylarsen@example.org,APAC,2025-01-25,2022-04-26
470,Alicia,Taylor,william97@example.net,APAC,2024-02-16,2021-05-25
471,Jeremy,Stevens,steven61@example.net,EMEA,2024-02-03,2020-02-08
472,David,Austin,amandajohnson@example.net,EMEA,2025-05-17,2020-09-08
473,Tiffany,Arellano,dhill@example.net,APAC,2022-12-23,2020-05-31
474,Jonathan,Hernandez,danny25@example.com,EMEA,2020-07-31,2024-08-24
475,Russell,Mitchell,cassidyturner@example.com,APAC,2024-01-13,2021-01-02
476,Amanda,Salinas,suzannehart@example.net,AMER,2020-06-24,2023-09-25
477,Christian,Kim,virginialynch@example.com,APAC,2022-09-09,2023-08-05
478,Darren,Rios,yprice@example.org,AMER,2020-02-10,2023-02-09
479,Jackie,Smith,james30@example.com,APAC,2023-02-04,2024-12-10
480,Bryan,Christian,spencerbrent@example.org,EMEA,2023-12-15,2021-09-08
481,Mary,Robertson,alee@example.net,AMER,2021-06-03,2020-06-17
482,Joanne,Moss,michael46@example.org,EMEA,2024-01-11,2024-04-22
483,Laura,Cameron,lindamay@example.org,AMER,2023-08-24,2025-02-15
484,Corey,Mann,odonnellkarl@example.org,AMER,2020-11-07,2020-09-02
485,Carrie,Lopez,carrolljanet@example.net,APAC,2023-12-03,2022-05-12
486,Mary,Smith,millerjason@example.org,APAC,2025-07-13,2023-12-19
487,Anthony,Martinez,jenniferjennings@example.org,APAC,2021-07-04,2021-12-09
488,Michael,Blankenship,yatkinson@example.org,APAC,2021-08-30,2025-02-12
489,Adam,Norton,karenhernandez@example.org,EMEA,2021-05-20,2020-01-11
490,Christine,Cook,jjohnson@example.org,APAC,2023-05-05,2020-10-15
491,Steve,Hernandez,jamesestrada@example.org,APAC,2024-01-10,2023-04-17
492,Virginia,Arnold,arielsnyder@example.org,AMER,2023-01-08,2024-01-16
493,Jon,Ortiz,gmelton@example.net,EMEA,2021-05-07,2023-01-20
494,Jessica,Kelly,roymartinez@example.com,EMEA,2020-09-20,2020-04-06
495,Aaron,Kennedy,richardmark@example.net,AMER,2023-12-03,2023-02-09
496,Sara,Hawkins,fbautista@example.net,AMER,2024-05-24,2021-02-24
497,David,Gonzalez,gparrish@example.net,APAC,2024-05-04,2022-11-19
498,Annette,White,amycarlson@example.net,EMEA,2022-12-31,2023-12-18
499,Joshua,Savage,janderson@example.org,APAC,2021-11-03,2025-05-03
500,Dylan,Potts,gmartinez@example.org,AMER,2023-08-03,2022-11-03
501,Elizabeth,Owens,dfisher@example.org,APAC,2022-01-13,2025-04-28
502,Nancy,Huerta,nwhite@example.com,EMEA,2024-10-08,2021-06-24
503,Elizabeth,Holden,michaellam@example.org,APAC,2022-01-30,2021-09-09
504,Grant,Hammond,mark24@example.com,EMEA,2024-04-10,2020-01-19
505,Yolanda,Richards,dannyscott@example.org,APAC,2023-08-31,2024-08-28
506,Kendra,Wilson,marissaolson@example.com,APAC,2021-10-05,2023-08-18
507,Cody,Price,phillipsdaniel@example.net,EMEA,2021-03-20,2022-05-10
508,April,Cruz,karen70@example.com,EMEA,2025-04-15,2024-05-03
509,Vickie,Clark,chandlercraig@example.com,EMEA,2024-10-08,2024-11-15
510,Hannah,Moore,gonzalezstacy@example.com,APAC,2022-11-19,2022-05-14
511,Alejandro,Long,yolandagraham@example.org,APAC,2023-11-10,2024-06-28
512,Stephanie,Wong,sarah58@example.net,APAC,2022-03-09,2020-09-26
513,Amy,Briggs,millermary@example.com,AMER,2022-04-02,2020-06-12
514,Tabitha,Mcintyre,richard89@example.net,APAC,2020-12-26,2022-07-24
515,Rachel,Wilkerson,james17@example.com,EMEA,2023-12-02,2021-06-16
516,Thomas,Sanders,thorntoncynthia@example.org,EMEA,2024-08-16,2025-05-02
517,Heidi,Stevens,willissamuel@example.net,EMEA,2022-04-14,2024-01-28
518,Robert,Clark,yzamora@example.net,APAC,2021-03-27,2024-01-11
519,Dennis,Palmer,john54@example.com,EMEA,2022-08-26,2025-06-03
520,Cheryl,Gray,hernandezseth@example.com,EMEA,2023-06-27,2023-10-20
521,Heidi,Bishop,phelpstaylor@example.com,AMER,2022-11-29,2023-03-29
522,Eric,Ashley,scalhoun@example.org,AMER,2020-10-16,2022-09-25
523,Andrew,Williams,james80@example.com,EMEA,2020-08-01,2021-10-07
524,Ann,Parsons,robertcampos@example.net,AMER,2024-06-13,2022-02-01
525,Brian,Day,danajohnson@example.net,AMER,2025-01-13,2021-07-24
526,Jeffrey,Jordan,johnthomas@example.org,EMEA,2021-04-29,2020-09-10
527,Elizabeth,Rodriguez,rothlance@example.org,APAC,2023-02-11,2020-02-05
528,Joseph,Simmons,huntpeter@example.com,APAC,2024-07-21,2020-02-10
529,Steven,Thomas,david12@example.net,EMEA,2021-01-15,2023-05-10
530,Tara,Mcdonald,brodriguez@example.org,APAC,2020-09-20,2024-12-28
531,Joshua,Richards,oliverdouglas@example.net,AMER,2022-07-16,2020-02-29
532,Bradley,Schroeder,cochranpenny@example.com,EMEA,2023-08-26,2023-03-27
533,Robert,Pitts,zachary26@example.net,APAC,2021-03-15,2021-01-29
534,Danielle,Cox,andreawilliams@example.net,APAC,2024-06-13,2022-03-28
535,Cynthia,Romero,yfloyd@example.com,AMER,2024-03-22,2023-12-05
536,Dillon,Hicks,silvakaren@example.org,EMEA,2020-08-17,2020-12-29
537,Gabrielle,Young,ydelgado@example.net,EMEA,2023-03-01,2022-08-12
538,Jennifer,Levine,martinbrittany@example.org,AMER,2022-07-30,2023-12-18
539,Michele,Ford,maryharris@example.org,EMEA,2020-06-10,2020-07-17
540,Theresa,Jones,shannonprice@example.com,EMEA,2020-02-18,2023-07-13
541,Kara,Harrell,vknapp@example.net,AMER,2025-01-05,2021-10-07
542,Whitney,Young,joywilliams@example.net,AMER,2024-12-29,2024-05-07
543,Matthew,Carter,catherine31@example.com,APAC,2023-08-24,2021-01-16
544,Daniel,Castro,sara61@example.org,EMEA,2022-11-15,2024-03-04
545,Caroline,Lambert,courtney21@example.org,AMER,2020-12-16,2022-09-24
546,Shawn,Ochoa,kristen77@example.org,APAC,2023-03-15,2025-03-14
547,Jeremiah,Lyons,jamesdavis@example.org,EMEA,2023-07-20,2022-09-08
548,Andrew,Macdonald,scottcardenas@example.net,APAC,2021-08-14,2024-11-28
549,Alexis,Grimes,ryanhorton@example.org,AMER,2023-01-27,2023-09-26
550,Donald,Brady,kelly98@example.org,EMEA,2024-10-28,2023-07-19
551,Lisa,Lewis,bradleytaylor@example.net,APAC,2021-03-20,2023-07-09
552,Rachel,Morgan,dennismallory@example.org,AMER,2020-06-09,2024-01-03
553,Nicole,Cox,underwoodjohn@example.com,AMER,2024-04-26,2021-01-09
554,Samantha,Chavez,apatton@example.org,AMER,2020-02-29,2022-01-06
555,Karen,Dunn,perezlorraine@example.net,AMER,2022-12-15,2024-01-20
556,Shawn,Ward,jmeyers@example.com,AMER,2021-10-02,2021-08-30
557,Julie,Li,jhester@example.com,AMER,2024-12-20,2025-06-01
558,Jonathan,Jones,aalexander@example.com,AMER,2021-01-17,2020-06-28
559,Joanna,Willis,kgutierrez@example.com,APAC,2023-10-17,2024-11-04
560,Dennis,Smith,matthewwebb@example.com,EMEA,2024-05-20,2023-09-26
561,Mark,Sanders,durannicole@example.com,EMEA,2020-06-23,2025-04-02
562,Jessica,Vasquez,daviserin@example.com,APAC,2020-02-22,2023-08-16
563,David,Lucas,pmorris@example.com,AMER,2022-08-30,2022-12-04
564,Jennifer,Wood,zfranklin@example.com,EMEA,2021-03-10,2022-05-26
565,Karen,Reynolds,angela22@example.org,AMER,2024-12-12,2021-08-31
566,Tony,Woods,donald38@example.org,EMEA,2025-06-17,2021-07-07
567,Jeremy,Thompson,chadcampbell@example.com,AMER,2023-04-22,2025-04-18
568,Pamela,Dudley,randerson@example.com,APAC,2020-11-15,2021-09-04
569,Angela,James,scott27@example.net,AMER,2024-05-07,2021-06-20
570,Luke,Wilson,hayeskaren@example.net,EMEA,2020-11-14,2021-06-07
571,Mary,Thomas,jasminestafford@example.net,AMER,2023-08-10,2023-02-14
572,Michelle,Terrell,awatson@example.com,EMEA,2024-03-05,2020-08-28
573,Corey,Jones,pottermeredith@example.com,AMER,2022-12-29,2022-10-06
574,Kimberly,Rodriguez,aaron29@example.net,EMEA,2021-04-18,2021-06-19
575,Danny,Washington,jennifer65@example.org,EMEA,2021-05-22,2020-01-10
576,Maria,Wright,lunacasey@example.org,EMEA,2023-01-23,2022-08-24
577,Luis,Hodge,thomas08@example.net,AMER,2021-05-14,2020-02-27
578,Ray,Owens,rachelbyrd@example.org,EMEA,2024-06-16,2024-04-18
579,John,Barton,jared41@example.org,AMER,2021-09-09,2022-01-27
580,Bradley,Martinez,daltonnicholas@example.com,APAC,2025-01-21,2020-11-24
581,George,Watson,kingjason@example.net,APAC,2020-04-16,2020-01-02
582,Andrew,Murphy,owoods@example.com,EMEA,2020-01-25,2020-04-17
583,Brandon,White,zamorajessica@example.com,AMER,2021-03-27,2023-12-07
584,Michael,Zamora,mariahclayton@example.com,EMEA,2022-03-27,2023-11-09
585,Amber,Brown,brownstephanie@example.org,AMER,2021-01-01,2022-07-25
586,Maria,Anderson,xbryant@example.org,AMER,2023-03-24,2023-11-26
587,Ethan,Sutton,adam87@example.org,APAC,2023-01-22,2022-05-27
588,Jose,Miller,christina79@example.org,AMER,2023-04-21,2023-10-31
589,Renee,Gonzales,morrisonjennifer@example.com,AMER,2022-05-18,2024-07-10
590,Diane,Hernandez,ywoodard@example.com,EMEA,2022-01-08,2022-12-25
591,Shelia,Howard,carterjanice@example.net,EMEA,2020-01-09,2021-04-10
592,Tammy,Holmes,joseph63@example.net,AMER,2023-07-11,2021-06-10
593,Christine,Perkins,jennifercarter@example.com,APAC,2025-02-24,2020-07-24
594,Jennifer,Blair,ashley07@example.com,EMEA,2021-08-03,2021-08-29
595,Patrick,Bright,robbinsjames@example.net,EMEA,2023-01-05,2024-09-07
596,Alexander,Garrett,alexandradrake@example.net,APAC,2021-01-15,2020-11-14
597,Steven,Smith,dduran@example.com,EMEA,2024-09-22,2022-10-22
598,Craig,Mcclure,christophernguyen@example.com,AMER,2021-01-10,2023-12-06
599,Caleb,Collins,aprilhowell@example.net,AMER,2024-12-23,2021-01-06
600,Lauren,Dean,justinanderson@example.org,AMER,2022-10-13,2022-02-18
601,David,Cline,hleach@example.com,EMEA,2023-05-11,2020-05-11
602,Bryan,Pitts,baileylori@example.org,EMEA,2025-05-22,2023-10-09
603,Anthony,Williams,vjackson@example.com,EMEA,2024-07-15,2020-11-06
604,Christina,Norton,john61@example.net,EMEA,2021-06-14,2022-05-02
605,Joseph,Carpenter,nicolerollins@example.com,AMER,2022-07-30,2023-07-26
606,David,Hill,ann38@example.net,APAC,2020-10-17,2020-04-06
607,Ian,Cohen,michelle85@example.org,AMER,2023-02-28,2020-07-21
608,Elizabeth,Hicks,cristianmassey@example.com,EMEA,2021-07-03,2020-10-12
609,Rachel,Wagner,mark34@example.org,AMER,2025-06-25,2020-06-16
610,Joel,Gould,julie35@example.com,APAC,2021-01-19,2022-05-24
611,Christina,Malone,thomasadam@example.net,AMER,2021-03-13,2021-10-11
612,Tyler,Carr,stephenmiller@example.org,APAC,2021-03-27,2022-07-21
613,Hunter,Manning,sgeorge@example.com,EMEA,2023-09-18,2025-02-12
614,Scott,Beck,tylerbaker@example.com,AMER,2020-10-01,2020-04-05
615,Dennis,Anderson,youngchristopher@example.org,AMER,2022-08-07,2025-01-09
616,Kiara,Ibarra,tateernest@example.com,AMER,2024-01-25,2021-01-25
617,Bryan,Hardy,hollandanthony@example.net,AMER,2022-08-28,2021-08-28
618,Laura,Blankenship,roger38@example.net,EMEA,2023-07-28,2024-12-24
619,Patrick,Scott,johnesparza@example.org,APAC,2022-12-09,2022-07-17
620,Alec,Kelley,iantyler@example.org,APAC,2022-08-10,2023-07-25
621,Susan,Spencer,keith22@example.org,AMER,2023-10-17,2021-01-03
622,Michael,Moody,dillon61@example.org,EMEA,2020-07-01,2023-06-08
623,Jamie,Jones,kathryn94@example.org,APAC,2021-03-23,2020-09-05
624,Tammie,Travis,jacobthomas@example.com,APAC,2021-04-16,2020-05-22
625,Sean,Gilmore,wilsonjonathan@example.org,APAC,2024-12-01,2021-08-08
626,Victoria,Joseph,sturner@example.com,APAC,2023-08-14,2020-11-28
627,Logan,Mathews,richard63@example.net,APAC,2022-12-24,2020-06-26
628,Scott,Perry,kbaker@example.com,APAC,2025-06-14,2023-06-13
629,Kelly,King,christianbarbara@example.com,EMEA,2022-11-11,2022-04-08
630,James,Nelson,mdavies@example.org,AMER,2025-07-01,2021-11-20
631,Sophia,Frazier,taylor29@example.com,APAC,2022-03-25,2024-09-14
632,Angela,Williams,fcaldwell@example.org,EMEA,2020-09-10,2024-05-21
633,Samantha,Hardy,phillipsbenjamin@example.net,EMEA,2024-08-04,2020-08-16
634,Joshua,Turner,rachelmendoza@example.net,AMER,2022-08-13,2023-10-17
635,Desiree,Powers,mariaward@example.org,AMER,2024-11-16,2022-12-21
636,Anthony,Wilcox,jill60@example.org,APAC,2020-01-17,2020-11-18
637,Amber,Perry,wleonard@example.org,AMER,2021-07-29,2023-07-02
638,Michael,Smith,kaylarivera@example.org,AMER,2021-04-18,2022-04-22
639,Marie,Macdonald,espinozachristopher@example.net,EMEA,2025-07-29,2020-08-27
640,Juan,Davis,yorkkenneth@example.org,EMEA,2023-02-20,2021-07-05
641,Cheryl,Lindsey,imoreno@example.org,EMEA,2020-03-25,2024-04-01
642,Marcia,Stokes,melissa20@example.org,APAC,2022-01-30,2020-08-19
643,Kristin,Lopez,bellcharles@example.net,APAC,2022-09-19,2022-09-19
644,Michelle,Wilson,qburnett@example.net,AMER,2021-04-15,2024-04-24
645,Angela,Shepherd,davila@example.org,AMER,2021-05-06,2020-03-27
646,Austin,Stafford,mcbridejodi@example.org,APAC,2021-12-21,2025-03-09
647,Benjamin,Melton,melissa97@example.com,APAC,2020-01-20,2023-03-05
648,Kyle,Aguilar,heathcollin@example.net,EMEA,2022-08-03,2021-06-17
649,Francisco,Reed,farmerdeborah@example.org,APAC,2021-11-01,2024-03-08
650,Nathan,Harris,dustin17@example.org,APAC,2021-04-26,2020-09-30
651,Kevin,Brown,stephanie09@example.net,AMER,2025-07-23,2023-08-11
652,Michael,Jenkins,deborah88@example.org,AMER,2022-10-19,2024-05-11
653,Christopher,Mccullough,irwinnathan@example.com,EMEA,2025-04-25,2025-04-21
654,Jasmine,Smith,dorseyzachary@example.com,APAC,2023-12-23,2022-03-15
655,Cheryl,Graham,xclark@example.org,AMER,2025-02-25,2024-11-17
656,Andrew,Odom,nross@example.org,APAC,2024-04-08,2020-04-24
657,Oscar,Brown,oharding@example.org,APAC,2023-05-01,2020-03-28
658,Wesley,Campos,zwebb@example.net,EMEA,2022-02-11,2023-03-21
659,Alyssa,Scott,hlewis@example.com,APAC,2023-07-15,2025-06-05
660,Troy,Wagner,raymond34@example.net,EMEA,2022-12-17,2025-06-28
661,Misty,Bailey,jesse01@example.org,AMER,2025-02-21,2021-11-19
662,Heather,Kline,baldwindavid@example.org,AMER,2024-01-23,2025-06-18
663,Catherine,Morgan,elizabeth65@example.net,AMER,2020-03-09,2022-07-08
664,Willie,Pace,ndixon@example.org,AMER,2020-03-06,2021-12-20
665,Sharon,Mitchell,kevin78@example.org,EMEA,2025-04-04,2024-08-08
666,Jason,Young,ronald28@example.net,EMEA,2024-10-29,2022-08-16
667,Michael,Pearson,christina26@example.net,AMER,2023-05-29,2022-09-05
668,James,Young,angelajackson@example.org,AMER,2024-02-29,2022-05-29
669,Michelle,Dean,john87@example.net,AMER,2022-02-23,2020-10-05
670,Linda,Perry,emily10@example.com,EMEA,2024-12-25,2025-03-04
671,Linda,Ward,hillrita@example.com,AMER,2025-04-23,2022-08-15
672,Tracy,Jackson,hdavis@example.net,EMEA,2020-04-25,2023-12-04
673,Colin,Gonzalez,colerachel@example.org,APAC,2021-04-25,2021-07-13
674,Justin,Craig,jenningskathryn@example.net,AMER,2021-07-07,2021-11-06
675,Taylor,Wang,scott50@example.org,EMEA,2023-02-14,2024-08-18
676,Brian,Brandt,cgallegos@example.com,EMEA,2024-09-08,2020-11-13
677,Jennifer,Lowe,rogerkerr@example.org,EMEA,2024-07-17,2022-07-06
678,Daniel,Barber,mramirez@example.org,APAC,2023-01-13,2021-01-14
679,Michael,Pratt,christine79@example.com,AMER,2024-03-07,2022-03-09
680,Jody,Mason,johnkane@example.com,EMEA,2025-02-27,2022-05-20
681,Leah,Johnson,jhoffman@example.org,AMER,2022-01-17,2022-01-26
682,Jon,Warren,deanna70@example.org,EMEA,2024-01-11,2023-09-02
683,Blake,Simon,sarah78@example.net,AMER,2024-12-11,2020-07-30
684,Christopher,Barnett,lynn68@example.com,APAC,2023-11-07,2023-05-21
685,Sean,Hebert,angela96@example.com,EMEA,2021-03-18,2021-12-25
686,Kelly,Johnston,burchbrian@example.org,EMEA,2023-11-23,2021-01-11
687,Debra,Frey,gmoyer@example.com,APAC,2021-06-15,2021-10-19
688,Joe,Harris,jennifer18@example.net,AMER,2024-10-30,2020-03-21
689,Mark,Sanchez,nwilson@example.net,EMEA,2023-11-23,2024-04-20
690,Nicholas,Payne,haley33@example.net,APAC,2021-03-25,2025-05-22
691,Julie,Foster,xavier99@example.org,EMEA,2021-05-22,2025-04-20
692,Steven,Allen,timothybrown@example.org,EMEA,2022-07-19,2025-03-07
693,Amber,Lane,krystal65@example.org,EMEA,2023-12-10,2025-04-03
694,Rachel,Erickson,robert84@example.org,AMER,2024-01-16,2024-11-08
695,Pamela,Montgomery,wellscharles@example.com,APAC,2024-07-15,2021-11-17
696,Christina,Gibbs,lyoung@example.net,APAC,2024-07-14,2024-03-04
697,Donald,Zhang,qtaylor@example.org,APAC,2022-07-21,2020-12-21
698,Shawn,Harris,wilsonmatthew@example.net,APAC,2023-05-08,2022-11-26
699,Eric,Sellers,bhernandez@example.com,EMEA,2023-06-30,2022-10-12
700,Angela,Riley,crystalcortez@example.net,AMER,2023-01-17,2020-03-24
701,Andrew,Mitchell,claudiaandrews@example.com,APAC,2021-06-21,2023-08-31
702,Jeremy,Dominguez,martinelizabeth@example.com,AMER,2023-02-16,2020-08-14
703,Rebecca,Mckenzie,johnjohnson@example.com,APAC,2020-12-11,2023-04-14
704,Alan,Moreno,stevensheidi@example.org,APAC,2025-06-18,2022-01-15
705,David,Mora,leeelizabeth@example.org,EMEA,2024-02-18,2020-12-29
706,Troy,White,jillianruiz@example.net,EMEA,2020-02-06,2024-04-27
707,Phillip,Bailey,brianramirez@example.net,EMEA,2024-06-25,2023-11-18
708,Timothy,Melton,tfarmer@example.com,AMER,2024-04-14,2024-09-30
709,William,Stevenson,rebekahpage@example.com,EMEA,2020-05-28,2025-03-27
710,Joel,Cooper,natasha23@example.com,EMEA,2023-02-26,2024-05-03
711,Raymond,Heath,yklein@example.org,APAC,2020-07-26,2022-05-11
712,Rhonda,Smith,cervantestimothy@example.net,APAC,2021-06-22,2025-01-21
713,Savannah,Holmes,diamond17@example.com,EMEA,2023-04-03,2023-05-02
714,Robert,Salinas,flynnkristie@example.com,EMEA,2020-06-28,2020-02-21
715,John,Gordon,samanthamahoney@example.org,AMER,2021-08-20,2023-05-04
716,Melvin,Mccann,john54@example.org,AMER,2020-03-03,2024-03-09
717,Benjamin,Reilly,ianhenderson@example.net,APAC,2024-12-31,2022-04-01
718,Bryan,Sanchez,elizabethjohnson@example.com,AMER,2020-05-06,2022-12-01
719,Michael,Harrison,ajackson@example.org,EMEA,2020-01-06,2025-07-05
720,Jeffery,Cortez,jthomas@example.org,EMEA,2020-08-30,2021-12-29
721,Philip,Williamson,vbrown@example.net,APAC,2022-08-27,2021-10-18
722,Carrie,Green,margaret96@example.net,EMEA,2023-12-21,2025-06-22
723,Kimberly,Nunez,btaylor@example.net,EMEA,2024-01-27,2022-05-30
724,Grace,Valentine,matthewlewis@example.com,EMEA,2020-07-13,2021-06-20
725,Peter,Cochran,joseph86@example.org,EMEA,2024-04-15,2020-10-17
726,Marilyn,Curtis,edwardmiller@example.org,AMER,2021-12-25,2023-05-11
727,Kevin,Miller,rodney35@example.org,AMER,2022-02-23,2024-07-30
728,Thomas,Goodman,kellytaylor@example.org,AMER,2023-03-31,2021-04-16
729,Maxwell,Davis,michael10@example.com,AMER,2022-04-18,2022-11-15
730,Aaron,Luna,pgonzalez@example.com,AMER,2020-04-12,2022-09-13
731,Angela,Khan,oliviamoore@example.org,APAC,2023-07-05,2022-03-02
732,Jacqueline,Wilson,qhawkins@example.net,EMEA,2024-08-16,2021-07-19
733,Cassandra,Reynolds,sharpkatie@example.net,APAC,2024-06-23,2021-05-17
734,Sharon,Carroll,vwilliamson@example.org,EMEA,2024-07-25,2020-07-24
735,Shawn,Palmer,josesutton@example.net,EMEA,2022-04-06,2020-08-15
736,Ronald,Jackson,jeanettetate@example.com,EMEA,2020-09-23,2023-01-20
737,Hannah,Pacheco,andersonamanda@example.com,APAC,2022-06-26,2023-03-20
738,Christina,Fernandez,morgan00@example.com,EMEA,2023-09-13,2020-04-05
739,Wanda,Vega,thomas57@example.net,EMEA,2021-11-02,2022-03-23
740,Matthew,Woods,kennedysarah@example.net,AMER,2021-11-09,2025-05-12
741,Jennifer,Mora,robinsonmelissa@example.net,AMER,2022-09-17,2021-07-15
742,William,Taylor,chadhampton@example.org,EMEA,2021-03-31,2024-02-26
743,Sarah,Ruiz,oconnellaaron@example.com,AMER,2020-11-04,2021-01-16
744,Marc,Pittman,bullockjoseph@example.net,APAC,2025-04-26,2022-11-05
745,Kenneth,Moore,juarezchristopher@example.com,EMEA,2021-12-24,2025-05-08
746,Rachael,Gomez,champton@example.com,APAC,2024-09-25,2022-02-19
747,Kenneth,Olson,rodrigueztodd@example.net,AMER,2022-07-08,2020-01-03
748,Robert,Bates,aortega@example.org,AMER,2021-08-09,2021-03-25
749,Charles,Jones,davidcruz@example.org,APAC,2022-10-28,2023-04-22
750,Jose,Lewis,michael11@example.org,EMEA,2025-05-28,2025-04-25
751,Rebecca,Miller,mathew46@example.org,AMER,2021-02-25,2021-03-10
752,Maria,Turner,shermanbethany@example.com,AMER,2020-12-02,2021-09-06
753,Tina,Peterson,shannoncameron@example.net,AMER,2024-08-12,2023-04-03
754,Mark,Hernandez,kquinn@example.org,APAC,2025-05-09,2024-04-18
755,Cody,Cook,pricelaura@example.net,APAC,2023-04-17,2023-11-23
756,Janet,Romero,poncecheyenne@example.com,AMER,2024-08-03,2024-02-27
757,Robert,Snyder,lauren59@example.com,EMEA,2024-02-19,2020-09-17
758,Chad,Moreno,rgreen@example.com,APAC,2022-06-28,2023-11-20
759,Alicia,Brown,kdavis@example.org,EMEA,2020-04-14,2024-06-08
760,Ronald,May,paul44@example.org,APAC,2023-10-19,2021-04-22
761,Anna,Stephens,kara97@example.net,APAC,2020-05-04,2023-10-29
762,Diana,Cunningham,miguel41@example.org,EMEA,2023-02-04,2021-05-13
763,William,Perez,guzmanarthur@example.com,EMEA,2024-04-19,2022-01-23
764,Kathryn,Williams,amandawatson@example.com,EMEA,2022-11-30,2021-08-19
765,Susan,Davidson,robert92@example.org,APAC,2020-01-13,2024-12-23
766,Samuel,Villegas,davidgomez@example.org,EMEA,2025-06-27,2024-05-09
767,Tina,Johnson,cmartinez@example.net,EMEA,2025-05-11,2023-10-04
768,Sandra,Andrews,kimberlyali@example.org,EMEA,2020-05-30,2020-09-06
769,Stephen,Watts,shelbyrobertson@example.org,EMEA,2022-04-01,2020-08-29
770,Jennifer,Yang,tiffany75@example.com,EMEA,2021-05-24,2023-07-08
771,David,Farley,edward27@example.com,EMEA,2024-09-12,2020-01-24
772,Bridget,Hayes,vibarra@example.org,EMEA,2021-10-02,2024-05-23
773,Theresa,Clark,paulobrien@example.com,APAC,2021-01-25,2024-03-19
774,Jason,Roy,chloe40@example.org,EMEA,2021-10-22,2023-04-01
775,Gabrielle,Benson,tfinley@example.net,APAC,2024-06-28,2022-07-11
776,Roberto,Adams,jorge51@example.org,AMER,2024-08-07,2023-04-08
777,Kelly,Reed,zhaynes@example.com,AMER,2025-05-30,2024-08-30
778,Frank,Moore,jorge51@example.org,APAC,2022-05-08,2024-06-22
779,Jennifer,Liu,victorcurtis@example.org,EMEA,2020-08-13,2022-11-07
780,Hunter,Marquez,ihernandez@example.net,APAC,2020-10-12,2020-10-04
781,Lisa,Long,larmstrong@example.org,AMER,2022-04-21,2022-05-25
782,Denise,Jensen,agomez@example.com,APAC,2020-08-04,2020-12-29
783,Daniel,Cochran,carterlarry@example.net,AMER,2023-03-28,2024-08-09
784,Melissa,Smith,stephaniejackson@example.com,APAC,2024-01-09,2022-09-01
785,Megan,Campbell,kperez@example.org,APAC,2022-07-08,2022-12-22
786,Anthony,Estrada,tina63@example.net,APAC,2021-07-26,2022-06-22
787,Pamela,Robles,dawndoyle@example.org,APAC,2020-03-23,2020-09-03
788,Darryl,Delacruz,johnsontheresa@example.net,APAC,2024-10-25,2023-11-29
789,Nancy,White,wleon@example.net,AMER,2022-12-16,2022-08-19
790,Alexander,Fox,hudsonkaren@example.com,APAC,2022-04-20,2023-07-19
791,Claudia,Lawrence,mgentry@example.org,APAC,2023-03-28,2022-06-15
792,Kelly,Carlson,cynthiacrawford@example.org,APAC,2024-09-07,2024-03-26
793,Jacqueline,Winters,byrdtrevor@example.org,EMEA,2024-12-17,2022-10-19
794,Kevin,Whitehead,julieparker@example.net,AMER,2022-08-20,2023-12-22
795,Tammy,Roman,zmurillo@example.org,APAC,2021-10-08,2021-11-30
796,Sarah,Davis,jacqueline60@example.org,AMER,2024-05-29,2024-09-07
797,Heather,Mckinney,isaacrogers@example.com,APAC,2023-08-18,2023-09-24
798,Isaiah,Carter,sarah34@example.net,EMEA,2023-05-26,2021-07-02
799,Amy,Nguyen,johnbaldwin@example.org,AMER,2020-12-12,2022-11-07
800,Richard,Savage,uleon@example.com,EMEA,2022-01-08,2020-10-27
801,Jeffrey,Alvarez,jrich@example.net,EMEA,2024-05-08,2021-09-24
802,Kristen,Dixon,obrown@example.org,APAC,2025-04-07,2024-04-23
803,Colleen,Harrison,julialewis@example.org,AMER,2023-12-25,2022-08-08
804,Michael,Baldwin,jonesrebecca@example.org,AMER,2020-07-12,2024-12-04
805,Maureen,Chapman,chris77@example.com,AMER,2022-10-10,2024-03-02
806,Jason,Brooks,shepardchristine@example.net,AMER,2021-08-07,2023-12-24
807,Rachel,Williams,cynthiasanchez@example.org,APAC,2020-11-21,2022-05-25
808,Alexander,Lowe,richard97@example.org,APAC,2023-07-27,2021-09-09
809,Ryan,May,debbiegomez@example.org,EMEA,2021-09-19,2020-06-07
810,Stacy,Peters,hphelps@example.com,APAC,2023-02-18,2024-10-17
811,Anna,Young,lisaaguilar@example.com,AMER,2023-06-17,2023-01-15
812,Rachel,Fowler,racheldavis@example.org,APAC,2022-02-17,2021-07-22
813,Kyle,Johnson,rosethompson@example.net,EMEA,2020-03-13,2024-03-23
814,Linda,Lawrence,kimberlymiller@example.com,AMER,2020-05-08,2020-07-13
815,Thomas,Santiago,jaime34@example.org,AMER,2022-01-27,2025-06-16
816,Troy,Estrada,ivelazquez@example.org,EMEA,2024-11-16,2021-12-14
817,Brandi,Robinson,nicholas80@example.org,EMEA,2021-10-15,2024-03-11
818,Annette,Gomez,turneradam@example.com,AMER,2021-04-09,2025-07-14
819,Jeffrey,Bradford,jerrysanchez@example.net,APAC,2021-03-08,2025-01-23
820,Kevin,Williams,hensonlori@example.net,APAC,2021-03-24,2023-05-31
821,Tammy,Miller,ariel71@example.net,AMER,2022-12-19,2022-12-07
822,Alexis,Beasley,sallison@example.net,AMER,2023-10-11,2020-05-06
823,Matthew,Griffin,william88@example.com,AMER,2020-07-22,2024-02-29
824,Allison,Mason,lawrencelaura@example.org,APAC,2021-11-27,2021-10-31
825,Benjamin,Nicholson,rdowns@example.com,APAC,2024-10-25,2021-04-18
826,Rebecca,Perry,jacquelinemcknight@example.com,AMER,2020-05-22,2023-10-28
827,Jaime,Hernandez,jessicastanley@example.org,EMEA,2023-01-10,2023-01-16
828,Douglas,Gomez,wadeangela@example.org,AMER,2023-05-11,2021-07-19
829,Erin,Weeks,gfisher@example.net,AMER,2023-06-30,2020-05-29
830,Kathryn,Hernandez,ericmartin@example.net,APAC,2022-05-18,2025-05-07
831,Paula,Williams,phamilton@example.net,AMER,2021-05-17,2023-10-30
832,Michael,Brown,samuelvalentine@example.com,APAC,2022-03-14,2020-07-24
833,Alicia,Gentry,malonekathleen@example.com,EMEA,2022-06-28,2023-10-06
834,Christine,Bryant,unelson@example.org,AMER,2023-07-31,2023-03-24
835,Karen,Young,hpowell@example.org,EMEA,2021-02-21,2025-03-21
836,Christy,Fowler,amy84@example.org,AMER,2023-04-01,2024-01-21
837,Daniel,Ramirez,ayersamy@example.com,EMEA,2022-07-01,2023-03-15
838,Bradley,Johnson,charlescooper@example.net,APAC,2021-05-11,2024-07-05
839,Charles,Price,chankrista@example.net,AMER,2021-03-23,2023-04-09
840,Donna,Nelson,mariogarrett@example.com,AMER,2024-08-19,2021-03-18
841,Katherine,Porter,tiffanydean@example.org,EMEA,2020-08-14,2022-04-22
842,Robin,Cook,bgarrison@example.org,APAC,2023-04-22,2023-06-14
843,Lawrence,Smith,leenicole@example.org,EMEA,2021-04-20,2024-07-20
844,Amy,Robinson,brocktravis@example.net,EMEA,2022-01-05,2025-07-05
845,Melissa,Bean,gregorykevin@example.net,APAC,2022-04-12,2023-01-30
846,Christopher,Merritt,twhite@example.com,EMEA,2024-02-08,2023-06-03
847,Richard,Sharp,yarcher@example.net,EMEA,2023-07-14,2023-12-19
848,William,Reese,santosmark@example.org,AMER,2021-11-09,2020-11-13
849,Steven,Williams,nowens@example.net,EMEA,2021-08-13,2023-08-30
850,Zachary,Donovan,melissa37@example.com,AMER,2025-07-02,2020-09-11
851,Brittney,Parrish,kristine51@example.org,APAC,2025-04-25,2025-07-21
852,Wanda,Pittman,jenkinstiffany@example.com,EMEA,2023-01-04,2023-01-05
853,Craig,Watkins,seanvillarreal@example.org,APAC,2025-05-22,2022-10-06
854,Vanessa,Patrick,dawsonchad@example.net,AMER,2022-09-29,2021-01-06
855,Alexandra,Garcia,stephenhenson@example.net,AMER,2025-04-10,2025-02-26
856,Teresa,Hensley,garciacindy@example.com,AMER,2022-01-15,2021-01-29
857,Kristin,Powers,bayers@example.com,EMEA,2020-11-12,2021-07-28
858,Seth,Johnson,gutierrezbrandon@example.org,AMER,2020-08-01,2021-03-28
859,Autumn,Martin,xaguirre@example.com,AMER,2024-01-14,2022-10-23
860,Sarah,Chen,brooksdavid@example.net,EMEA,2025-01-30,2021-06-24
861,Joseph,Dickson,brenda30@example.org,EMEA,2023-01-25,2024-01-28
862,Alexis,Moore,palmerkimberly@example.org,EMEA,2022-05-30,2021-03-22
863,Susan,Green,calvin38@example.org,AMER,2024-01-06,2021-01-25
864,Amy,Mullen,gmorris@example.net,AMER,2022-06-29,2021-01-30
865,Billy,Stevenson,charles69@example.net,EMEA,2020-05-17,2020-04-11
866,Cynthia,Chandler,williamsonkristine@example.net,EMEA,2021-04-21,2022-07-27
867,Sarah,Navarro,portermichael@example.com,APAC,2020-05-12,2020-01-20
868,Jonathan,Green,nwong@example.org,APAC,2020-07-22,2021-04-26
869,Aaron,Morse,bbrown@example.org,EMEA,2020-12-12,2021-11-26
870,Todd,Bauer,sanfordmichael@example.net,EMEA,2020-09-27,2022-06-23
871,Dean,Munoz,rhayes@example.net,APAC,2021-11-12,2021-01-18
872,Jesse,Ward,courtneysherman@example.com,EMEA,2024-04-24,2023-09-05
873,Michelle,Fernandez,michaelhardy@example.com,AMER,2024-02-24,2025-05-16
874,Marcus,Jones,charles26@example.org,AMER,2020-05-27,2022-01-06
875,Zachary,Porter,erin49@example.org,AMER,2020-05-14,2020-12-14
876,Travis,Welch,angelacole@example.com,EMEA,2021-06-28,2020-04-07
877,Robin,Ryan,kimberlyclark@example.net,EMEA,2023-04-27,2023-06-08
878,Tammy,Mcclure,charlespeters@example.org,APAC,2022-01-07,2020-09-06
879,Theresa,Kim,whumphrey@example.net,EMEA,2020-06-21,2020-07-16
880,Joshua,Huff,mbishop@example.net,EMEA,2020-03-25,2021-06-29
881,Melanie,Adams,conniedavis@example.net,APAC,2020-01-19,2022-11-28
882,James,Smith,ashleypeterson@example.com,EMEA,2024-08-30,2022-06-16
883,Ann,Parrish,amber63@example.net,APAC,2024-12-06,2022-08-24
884,Jeffrey,Hood,megan14@example.net,EMEA,2022-02-23,2022-03-29
885,Brenda,Cortez,hebertchristopher@example.com,EMEA,2025-04-21,2021-12-26
886,Laura,Irwin,cynthia10@example.org,EMEA,2023-05-23,2022-12-26
887,Connie,Perry,samuelnelson@example.com,EMEA,2021-07-23,2020-10-10
888,Deborah,Pineda,smithjoshua@example.net,AMER,2022-01-03,2025-06-28
889,Michael,Lopez,hodgessarah@example.org,AMER,2024-03-17,2024-03-03
890,Christopher,Zhang,ygarcia@example.net,EMEA,2024-11-23,2022-09-28
891,Joseph,Avila,susankent@example.com,AMER,2023-12-21,2024-12-29
892,Kathleen,Duran,xdennis@example.com,APAC,2025-07-07,2022-11-02
893,Tammy,Rose,paul74@example.net,AMER,2020-01-15,2020-06-02
894,Tara,Garcia,kathryn92@example.net,APAC,2023-12-11,2021-10-14
895,Dennis,Weber,goodmansandra@example.org,APAC,2025-04-29,2023-07-11
896,Ray,Lee,torresdustin@example.com,APAC,2025-01-31,2022-12-15
897,Eric,Jones,allensimon@example.net,AMER,2020-12-20,2024-08-21
898,Evan,Cole,eboyer@example.com,EMEA,2022-12-27,2024-03-15
899,Sharon,Rojas,parkeralex@example.com,EMEA,2023-02-25,2021-08-07
900,Michael,Norris,mitchelldarren@example.com,AMER,2021-02-28,2024-08-18
901,Jason,Brewer,mooredaniel@example.org,APAC,2022-07-26,2023-01-23
902,Jacqueline,Watts,amcdonald@example.com,AMER,2025-01-14,2024-12-12
903,Robert,Rubio,cmiller@example.net,EMEA,2025-03-16,2021-10-09
904,Steven,Gregory,zacharyjohnson@example.net,AMER,2024-02-25,2024-09-16
905,Darrell,Villa,smithchristopher@example.org,AMER,2020-09-01,2023-06-27
906,Pamela,Henson,misty36@example.com,EMEA,2020-02-01,2024-01-24
907,Karen,Pollard,phill@example.org,EMEA,2021-10-15,2023-10-21
908,Michael,Robinson,erikrobinson@example.net,APAC,2023-09-11,2023-08-03
909,Jeremy,Barnett,rogersvictoria@example.net,APAC,2021-11-18,2020-12-09
910,Cynthia,Chaney,reneehill@example.org,EMEA,2021-10-20,2024-04-29
911,Christine,Carrillo,keithanderson@example.com,APAC,2023-08-30,2024-09-01
912,Bradley,Shaw,markpeters@example.com,EMEA,2020-05-06,2023-01-05
913,Patricia,Davidson,boydwilliam@example.net,AMER,2020-01-04,2020-04-14
914,Hunter,Rosario,janet28@example.org,APAC,2024-10-05,2021-07-03
915,Matthew,Diaz,sharonwood@example.net,EMEA,2023-12-02,2020-09-05
916,Darlene,Wilson,frederickriley@example.net,AMER,2021-10-11,2024-04-17
917,Sonia,Rodriguez,soniawilliams@example.com,AMER,2022-12-23,2020-10-06
918,David,Keith,sullivantammy@example.com,EMEA,2020-10-05,2024-05-23
919,Mario,Cantu,jonesjoanna@example.org,EMEA,2021-09-27,2024-02-06
920,Dana,Williams,john66@example.org,AMER,2022-11-15,2024-06-01
921,Michael,Simpson,burtonkevin@example.com,AMER,2022-04-10,2022-08-27
922,Cheryl,Schultz,esmith@example.com,EMEA,2021-03-31,2023-05-22
923,Danielle,Anderson,philipgreen@example.net,EMEA,2022-01-07,2020-09-20
924,Brittney,Curtis,morenomichael@example.com,AMER,2024-07-20,2022-07-11
925,Kimberly,Thompson,robertsonjonathan@example.org,AMER,2021-09-05,2023-10-13
926,Robert,Cook,castillokimberly@example.org,EMEA,2024-06-08,2022-07-05
927,Richard,Marquez,linda33@example.com,EMEA,2022-02-26,2023-03-27
928,Cody,Durham,cevans@example.org,AMER,2021-03-02,2022-01-03
929,Sherri,Le,llewis@example.com,EMEA,2020-08-28,2022-12-07
930,Richard,Allen,meganevans@example.org,EMEA,2023-05-20,2021-06-10
931,Katherine,Smith,wmcconnell@example.com,EMEA,2020-10-31,2022-01-29
932,Elizabeth,Kelley,bennettdonald@example.net,EMEA,2025-03-23,2023-02-03
933,Misty,Flynn,zacharyhudson@example.net,APAC,2022-12-14,2021-01-05
934,Amber,Garrison,andrew69@example.net,APAC,2024-03-11,2020-03-07
935,Robert,Rodriguez,hperry@example.com,AMER,2024-11-01,2022-07-02
936,Richard,Pace,marshallwillie@example.com,APAC,2021-05-26,2025-02-27
937,Rhonda,Tucker,kirkcraig@example.com,EMEA,2021-09-26,2020-06-30
938,Beverly,Williams,samuelschaefer@example.org,APAC,2020-10-13,2021-05-12
939,Andrew,Jones,xphillips@example.org,AMER,2021-06-20,2020-05-08
940,Michelle,Phillips,steven54@example.net,AMER,2024-08-16,2021-05-05
941,Julia,Mccarthy,yroach@example.org,AMER,2021-03-14,2025-04-01
942,Mary,Arnold,kgarza@example.net,APAC,2024-06-05,2022-03-14
943,Tiffany,Anderson,hineslarry@example.net,APAC,2023-07-14,2024-03-24
944,Carolyn,Rose,greeves@example.com,APAC,2025-02-22,2023-11-09
945,Melissa,Parsons,mitchellkenneth@example.com,AMER,2023-04-22,2021-05-19
946,William,Harris,christophermatthews@example.net,EMEA,2020-03-27,2022-10-09
947,Douglas,Schwartz,francisco43@example.net,EMEA,2022-05-20,2021-10-13
948,Timothy,Coffey,ysutton@example.org,AMER,2020-11-06,2025-07-10
949,Cindy,Frost,robertanderson@example.org,AMER,2023-01-14,2023-04-13
950,Brian,Byrd,sglenn@example.org,AMER,2022-10-25,2021-06-18
951,Garrett,Peters,zrodriguez@example.org,AMER,2022-03-30,2023-11-06
952,Samantha,Brown,evanskristie@example.net,EMEA,2020-10-21,2024-06-11
953,Marissa,Curry,qlopez@example.com,APAC,2024-03-12,2020-03-02
954,Crystal,Lane,nancythompson@example.net,APAC,2024-04-04,2020-03-26
955,Mark,Smith,sraymond@example.net,EMEA,2021-09-12,2020-03-17
956,Marie,Smith,josephcamacho@example.net,APAC,2023-07-11,2023-04-05
957,Robert,Stone,ogarcia@example.com,EMEA,2020-05-28,2023-12-03
958,Daniel,Ward,lmcdaniel@example.org,APAC,2020-08-25,2020-03-31
959,Jesse,Nelson,dnorman@example.com,EMEA,2021-12-18,2021-12-06
960,Jesse,Fox,elizabethgraves@example.com,APAC,2020-04-22,2020-08-17
961,Brian,George,kingcraig@example.net,AMER,2023-03-15,2022-03-01
962,Audrey,Leach,gatkinson@example.org,AMER,2021-06-25,2021-08-17
963,David,Mcpherson,justin81@example.net,APAC,2021-10-02,2020-06-22
964,Christine,Blake,alvin84@example.com,EMEA,2024-02-21,2023-10-28
965,Kelli,Larson,joseph71@example.org,APAC,2025-02-25,2022-06-06
966,Joshua,Thompson,anne16@example.com,APAC,2021-04-25,2022-06-10
967,Luis,Green,carlsondavid@example.net,AMER,2020-09-22,2022-09-29
968,Aaron,Larson,umay@example.org,EMEA,2025-05-22,2025-01-19
969,Sherry,Levy,kennedyrobert@example.net,AMER,2021-12-11,2020-10-06
970,Eric,Key,fishercameron@example.net,APAC,2023-12-18,2022-12-25
971,Matthew,Davis,leebrianna@example.com,AMER,2023-02-23,2021-02-09
972,Maxwell,Porter,jessescott@example.com,EMEA,2023-09-25,2021-03-25
973,Gloria,Espinoza,edwardmartinez@example.com,APAC,2024-02-23,2024-05-29
974,Amanda,Salazar,laurenhanson@example.net,APAC,2023-10-21,2022-01-08
975,David,Williams,grice@example.com,AMER,2022-02-24,2020-07-27
976,Oscar,Evans,rotheric@example.org,EMEA,2022-11-24,2024-01-10
977,Kathryn,Oneill,christopher07@example.org,EMEA,2023-02-09,2023-02-28
978,Christina,Suarez,patriciamitchell@example.org,EMEA,2024-05-23,2021-01-10
979,Jennifer,Bass,johnstondavid@example.com,EMEA,2023-12-04,2023-10-29
980,Alicia,Haas,hurleymark@example.org,EMEA,2021-06-16,2024-05-26
981,Carl,Johnson,tammy42@example.com,APAC,2022-08-23,2023-06-08
982,Christopher,Larsen,cynthia64@example.net,APAC,2020-03-15,2021-08-01
983,Sarah,Anderson,danieltaylor@example.org,EMEA,2022-11-18,2025-04-09
984,Laura,Alvarez,kelly46@example.org,EMEA,2021-07-31,2020-06-13
985,Kimberly,Nguyen,jerry85@example.com,APAC,2024-06-13,2021-07-03
986,Natasha,Martinez,quinnfrancisco@example.org,APAC,2022-08-24,2024-11-18
987,Anthony,Turner,amber15@example.com,EMEA,2021-03-21,2021-10-05
988,Jack,Gonzalez,ashlee68@example.com,EMEA,2021-01-13,2023-09-22
989,Robin,Wise,saundersbobby@example.org,APAC,2021-09-19,2020-07-24
990,Casey,Bradford,fsoto@example.com,AMER,2021-05-19,2021-02-11
991,William,Johnson,amywhite@example.com,AMER,2020-01-12,2023-06-09
992,Arthur,Turner,evelynevans@example.com,AMER,2020-11-16,2023-05-03
993,Denise,Jensen,guzmanjames@example.com,APAC,2020-04-25,2023-03-06
994,Timothy,Williams,chenclifford@example.com,APAC,2022-11-12,2024-05-27
995,Tammy,Farrell,edwardsbelinda@example.com,APAC,2020-11-04,2021-07-10
996,Jordan,Wright,flemingjessica@example.net,AMER,2021-08-06,2024-06-12
997,Dustin,Ellison,fmathews@example.org,EMEA,2024-03-31,2020-01-15
998,Ricardo,Armstrong,vjohnson@example.net,APAC,2020-08-17,2024-05-12
999,Tracy,Jones,urobinson@example.org,APAC,2023-06-24,2023-05-19
1000,Michael,Kent,nashsean@example.org,APAC,2020-02-08,2023-12-24
